cid000004943	cardiovascular toxicity
cid000065281	nephrotoxicity
cid005362070	hepatotoxicity
cid005362070	nephrotoxicity
cid000002335	cardiovascular toxicity
cid000002764	nephrotoxicity
cid000026986	cardiovascular toxicity
cid000002786	gastrointestinal toxicity
cid000002801	cardiovascular toxicity
cid000002806	gastrointestinal toxicity
cid000002806	blood & bone marrow toxicity
cid000002826	cardiovascular toxicity
cid000002863	cardiovascular toxicity
cid000003706	cardiovascular toxicity
cid000002913	cardiovascular toxicity
cid000003222	cardiovascular toxicity
cid000003222	nephrotoxicity
cid000048040	cardiovascular toxicity
cid000003250	cardiovascular toxicity
cid000003250	nephrotoxicity
cid000003255	hepatotoxicity
cid000003255	cardiovascular toxicity
cid000003255	hepatotoxicity
cid000003255	cardiovascular toxicity
cid000059768	cardiovascular toxicity
cid000003269	carcinogenicity
cid000003305	embryo/fetal toxicity
cid000002758	cardiovascular toxicity
cid000003685	nephrotoxicity
cid000003685	mutagenicity
cid000003685	blood & bone marrow toxicity
cid000003685	hepatotoxicity
cid000003685	cardiovascular toxicity
cid000003685	carcinogenicity
cid000003690	mutagenicity
cid000003690	genitourinary system toxicity
cid000003690	embryo/fetal toxicity
cid000003690	carcinogenicity
cid000003690	cardiovascular toxicity
cid000003690	blood & bone marrow toxicity
cid000003690	nephrotoxicity
cid000003695	nephrotoxicity
cid000003748	hepatotoxicity
cid000003748	cardiovascular toxicity
cid000003750	nephrotoxicity
cid000003750	cardiovascular toxicity
cid000003750	blood & bone marrow toxicity
cid000005538	nephrotoxicity
cid000005538	embryo/fetal toxicity
cid000005538	hepatotoxicity
cid000000815	ototoxicity
cid000000815	nephrotoxicity
cid000003821	mental health disorders
cid000003821	cardiovascular toxicity
cid000004156	carcinogenicity
cid000004156	hepatotoxicity
cid000004156	mutagenicity
cid000004159	cardiovascular toxicity
cid000004163	cardiovascular toxicity
cid000004168	cardiovascular toxicity
cid000004168	mental health disorders
cid000004171	cardiovascular toxicity
cid000004178	cardiovascular toxicity
cid000004184	cardiovascular toxicity
cid000004197	cardiovascular toxicity
cid004183806	cardiovascular toxicity
cid004183806	embryo/fetal toxicity
cid000019592	hepatotoxicity
cid000019592	carcinogenicity
cid000216239	blood & bone marrow toxicity
cid000216239	cardiovascular toxicity
cid000024085	carcinogenicity
cid000024085	nephrotoxicity
cid000024085	mutagenicity
cid002723949	hepatotoxicity
cid002723949	carcinogenicity
cid000024934	carcinogenicity
cid000024934	hepatotoxicity
cid000001599	nephrotoxicity
cid000005955	gastrointestinal toxicity
cid000005955	carcinogenicity
cid000005955	mutagenicity
cid000005955	respiratory toxicity
cid000009903	hepatotoxicity
cid000009903	carcinogenicity
cid000009903	mutagenicity
cid000009081	hepatotoxicity
cid000010007	mutagenicity
cid000008029	hepatotoxicity
cid000008029	cardiovascular toxicity
cid000008029	nephrotoxicity
cid000008029	carcinogenicity
cid000031296	carcinogenicity
cid000031296	cardiovascular toxicity
cid000031296	mutagenicity
cid000007048	nephrotoxicity
cid000007048	carcinogenicity
cid000008113	cardiovascular toxicity
cid000008113	carcinogenicity
cid000001049	hepatotoxicity
cid000006988	hepatotoxicity
cid000007266	carcinogenicity
cid000007266	nephrotoxicity
cid000007266	mutagenicity
cid000018692	mutagenicity
cid000018692	carcinogenicity
cid000018692	nephrotoxicity
cid000014770	carcinogenicity
cid000425434	nephrotoxicity
cid000425434	mutagenicity
cid000425434	carcinogenicity
cid000425434	embryo/fetal toxicity
cid000011164	mutagenicity
cid000011164	carcinogenicity
cid003613389	mutagenicity
cid003613389	nephrotoxicity
cid003613389	carcinogenicity
cid000031373	carcinogenicity
cid000031373	mutagenicity
cid000031373	hepatotoxicity
cid000012734	carcinogenicity
cid000012734	mutagenicity
cid000000785	nephrotoxicity
cid000000785	carcinogenicity
cid000000785	mutagenicity
cid000007932	nephrotoxicity
cid000007932	mutagenicity
cid000007932	cardiovascular toxicity
cid000007812	cardiovascular toxicity
cid000007812	carcinogenicity
cid000007812	nephrotoxicity
cid000006214	carcinogenicity
cid000006214	nephrotoxicity
cid000237332	carcinogenicity
cid000237332	mutagenicity
cid000008785	mutagenicity
cid000008785	hepatotoxicity
cid000008785	nephrotoxicity
cid000007362	carcinogenicity
cid000007362	hepatotoxicity
cid000007362	mutagenicity
cid000006979	mutagenicity
cid000007127	mutagenicity
cid000007127	carcinogenicity
cid000007127	hepatotoxicity
cid000006359	hepatotoxicity
cid000006359	nephrotoxicity
cid000006359	mutagenicity
cid000006359	carcinogenicity
cid000007416	nephrotoxicity
cid000007416	carcinogenicity
cid000007416	hepatotoxicity
cid000006166	mutagenicity
cid000012958	carcinogenicity
cid000012958	nephrotoxicity
cid000012958	mutagenicity
cid000007964	nephrotoxicity
cid000007964	mutagenicity
cid000007964	carcinogenicity
cid000007964	cardiovascular toxicity
cid000007964	hepatotoxicity
cid000007473	hepatotoxicity
cid000007473	nephrotoxicity
cid000007473	carcinogenicity
cid000006124	hepatotoxicity
cid000006124	mutagenicity
cid000006124	carcinogenicity
cid000004685	carcinogenicity
cid000004685	hepatotoxicity
cid000006901	hepatotoxicity
cid000006901	carcinogenicity
cid000006901	mutagenicity
cid000006901	nephrotoxicity
cid000002730	mutagenicity
cid000007853	cardiovascular toxicity
cid000007847	hepatotoxicity
cid000007847	mutagenicity
cid000004246	mutagenicity
cid000004246	hepatotoxicity
cid000004246	respiratory toxicity
cid000004246	carcinogenicity
cid000000739	hepatotoxicity
cid000156413	nephrotoxicity
cid000156413	nephrotoxicity
cid000005794	hepatotoxicity
cid000005794	embryo/fetal toxicity
cid000176870	cardiovascular toxicity
cid000093860	mutagenicity
cid000093860	blood & bone marrow toxicity
cid000093860	cardiovascular toxicity
cid000151193	cardiovascular toxicity
cid000151193	cardiovascular toxicity
cid000151193	cardiovascular toxicity
cid000151193	cardiovascular toxicity
cid000151193	cardiovascular toxicity
cid000151193	cardiovascular toxicity
cid000151193	cardiovascular toxicity
cid000009433	cardiovascular toxicity
cid000009433	cardiovascular toxicity
cid000009433	cardiovascular toxicity
cid000002467	embryo/fetal toxicity
cid000002467	cardiovascular toxicity
cid000002467	cardiovascular toxicity
cid000002467	embryo/fetal toxicity
cid000004810	cardiovascular toxicity
cid005745214	nephrotoxicity
cid005745214	nephrotoxicity
cid000005291	blood & bone marrow toxicity
cid000005291	embryo/fetal toxicity
cid000466151	cardiovascular toxicity
cid000216235	cardiovascular toxicity
cid000050313	hepatotoxicity
cid000002754	cardiovascular toxicity
cid000002771	reproductive system toxicity
cid000002771	carcinogenicity
cid000002771	embryo/fetal toxicity
cid003000886	nephrotoxicity
cid000004844	hepatotoxicity
cid000004844	blood & bone marrow toxicity
cid000004844	cardiovascular toxicity
cid000005106	hepatotoxicity
cid000005517	nephrotoxicity
cid023663989	hepatotoxicity
cid000005470	carcinogenicity
cid000005470	cardiovascular toxicity
cid000005470	embryo/fetal toxicity
cid000004212	hepatotoxicity
cid000004212	blood & bone marrow toxicity
cid000004212	carcinogenicity
cid000004212	cardiovascular toxicity
cid000004212	gastrointestinal toxicity
cid000004259	cardiovascular toxicity
cid000004271	embryo/fetal toxicity
cid000004271	nephrotoxicity
cid000004271	blood & bone marrow toxicity
cid000004271	electrolyte disturbance
cid000004271	carcinogenicity
cid000004271	cardiovascular toxicity
cid000004271	mutagenicity
cid000004678	cardiovascular toxicity
cid000004689	nephrotoxicity
cid000004723	hepatotoxicity
cid000004723	hepatotoxicity
cid000002349	nephrotoxicity
cid000004735	cardiovascular toxicity
cid000004735	nephrotoxicity
cid000004745	cardiovascular toxicity
cid000003675	hepatotoxicity
cid000003675	hepatotoxicity
cid000005775	cardiovascular toxicity
cid000004781	hepatotoxicity
cid000004781	cardiovascular toxicity
cid000004781	nephrotoxicity
cid000077998	cardiovascular toxicity
cid000005144	cardiovascular toxicity
cid000005144	carcinogenicity
cid000005144	mutagenicity
cid000005144	hepatotoxicity
cid000002083	cardiovascular toxicity
cid000005195	cardiovascular toxicity
cid000005195	cardiovascular toxicity
cid000005212	cardiovascular toxicity
cid000005212	nephrotoxicity
cid000005224	nephrotoxicity
cid000005224	embryo/fetal toxicity
cid000005576	ocular toxicity
cid000005591	cardiovascular toxicity
cid000005591	hepatotoxicity
cid000062959	hepatotoxicity
cid000062959	nephrotoxicity
cid000062959	cardiovascular toxicity
cid000039764	immune system toxicity
cid000013342	nephrotoxicity
cid000013342	blood & bone marrow toxicity
cid000013342	embryo/fetal toxicity
cid000040839	blood & bone marrow toxicity
cid005001396	embryo/fetal toxicity
cid005001396	gastrointestinal toxicity
cid005001396	nephrotoxicity
cid005001396	blood & bone marrow toxicity
cid005001396	cardiovascular toxicity
cid005001396	embryo/fetal toxicity
cid005001396	gastrointestinal toxicity
cid005001396	nephrotoxicity
cid005001396	blood & bone marrow toxicity
cid005001396	cardiovascular toxicity
cid000006575	nephrotoxicity
cid000006575	mutagenicity
cid000006575	carcinogenicity
cid000006575	hepatotoxicity
cid000006575	cardiovascular toxicity
cid000002810	cardiovascular toxicity
cid000002180	cardiovascular toxicity
cid000002680	cardiovascular toxicity
cid003086686	dermatologic toxicity
cid003086686	blood & bone marrow toxicity
cid000003460	hepatotoxicity
cid000002099	cardiovascular toxicity
cid000004679	hepatotoxicity
cid000004679	carcinogenicity
cid000004679	hepatotoxicity
cid000004679	carcinogenicity
cid000004679	carcinogenicity
cid000004679	hepatotoxicity
cid000004679	hepatotoxicity
cid000004679	carcinogenicity
cid000004679	hepatotoxicity
cid000004679	carcinogenicity
cid000126565	cardiovascular toxicity
cid000034312	embryo/fetal toxicity
cid000003189	hepatotoxicity
cid000003189	hepatotoxicity
cid000004196	blood & bone marrow toxicity
cid000004196	blood & bone marrow toxicity
cid000004196	blood & bone marrow toxicity
cid000003410	cardiovascular toxicity
cid000003410	cardiovascular toxicity
cid000003410	cardiovascular toxicity
cid000003410	cardiovascular toxicity
cid000003329	nephrotoxicity
cid000003329	hepatotoxicity
cid000003329	nephrotoxicity
cid000003329	hepatotoxicity
cid006444403	nephrotoxicity
cid000119607	hepatotoxicity
cid000119607	nephrotoxicity
cid000119607	cardiovascular toxicity
cid000446157	hepatotoxicity
cid000446157	nephrotoxicity
cid000446157	hepatotoxicity
cid000446157	nephrotoxicity
cid000151183	carcinogenicity
cid000151183	carcinogenicity
cid000002474	cardiovascular toxicity
cid000005386	cardiovascular toxicity
cid000005386	nephrotoxicity
cid000123618	cardiovascular toxicity
cid000123618	cardiovascular toxicity
cid000119031	cardiovascular toxicity
cid000002299	cardiovascular toxicity
cid000002299	cardiovascular toxicity
cid000002541	cardiovascular toxicity
cid000154575	carcinogenicity
cid000154575	carcinogenicity
cid006439420	hepatotoxicity
cid006439420	hepatotoxicity
cid006439420	hepatotoxicity
cid000004236	cardiovascular toxicity
cid000004236	cardiovascular toxicity
cid000068733	cardiovascular toxicity
cid000005724	nephrotoxicity
cid000005724	nephrotoxicity
cid000002919	cardiovascular toxicity
cid000002919	embryo/fetal toxicity
cid000002919	mutagenicity
cid000060706	hepatotoxicity
cid000060706	cardiovascular toxicity
cid000060706	hepatotoxicity
cid000060706	cardiovascular toxicity
cid000011125	embryo/fetal toxicity
cid000011125	nephrotoxicity
cid000011125	carcinogenicity
cid000011125	cardiovascular toxicity
cid000004932	cardiovascular toxicity
cid000004932	cardiovascular toxicity
cid000004760	nephrotoxicity
cid000004760	blood & bone marrow toxicity
cid000002904	cardiovascular toxicity
cid000013789	mutagenicity
cid000004872	mutagenicity
cid004474062	cardiovascular toxicity
cid000065673	hepatotoxicity
cid000002176	cardiovascular toxicity
cid000002176	nephrotoxicity
cid000002176	blood & bone marrow toxicity
cid000004609	nephrotoxicity
cid000004609	mutagenicity
cid000005516	cardiovascular toxicity
cid000005516	cardiovascular toxicity
cid000054897	hepatotoxicity
cid000004042	cardiovascular toxicity
cid000004042	reproductive system toxicity
cid000005517	nephrotoxicity
cid000005517	nephrotoxicity
cid000005517	nephrotoxicity
cid000005517	nephrotoxicity
cid000005517	nephrotoxicity
cid023663989	hepatotoxicity
cid000044112	cardiovascular toxicity
cid000002958	mutagenicity
cid000002958	blood & bone marrow toxicity
cid000002958	embryo/fetal toxicity
cid000002958	cardiovascular toxicity
cid000002958	carcinogenicity
cid000002958	carcinogenicity
cid000002958	cardiovascular toxicity
cid000002958	blood & bone marrow toxicity
cid000002958	mutagenicity
cid000002958	embryo/fetal toxicity
cid000003357	nephrotoxicity
cid000003357	nephrotoxicity
cid000002771	embryo/fetal toxicity
cid000002771	carcinogenicity
cid000002771	reproductive system toxicity
cid003000886	nephrotoxicity
cid003000886	nephrotoxicity
cid003000886	nephrotoxicity
cid003000886	nephrotoxicity
cid003000886	nephrotoxicity
cid003000886	nephrotoxicity
cid000004844	blood & bone marrow toxicity
cid000004844	cardiovascular toxicity
cid000004844	hepatotoxicity
cid000054765	cardiovascular toxicity
cid000054765	cardiovascular toxicity
cid000004235	cardiovascular toxicity
cid000068911	cardiovascular toxicity
cid000003869	hepatotoxicity
cid000003869	cardiovascular toxicity
cid000050942	cardiovascular toxicity
cid000002248	cardiovascular toxicity
cid000002248	nephrotoxicity
cid000004646	cardiovascular toxicity
cid000004646	nephrotoxicity
cid000004646	cardiovascular toxicity
cid000004646	nephrotoxicity
cid000054840	hepatotoxicity
cid000054840	hepatotoxicity
cid000052919	mental health disorders
cid000052919	cardiovascular toxicity
cid000051767	cardiovascular toxicity
cid000051767	cardiovascular toxicity
cid000051767	cardiovascular toxicity
cid000051767	cardiovascular toxicity
cid000002092	cardiovascular toxicity
cid000005527	embryo/fetal toxicity
cid000001981	nephrotoxicity
cid000001981	cardiovascular toxicity
cid000035935	nephrotoxicity
cid000035935	hepatotoxicity
cid000002577	blood & bone marrow toxicity
cid000020039	nephrotoxicity
cid000020039	cardiovascular toxicity
cid000020039	mutagenicity
cid000003567	mutagenicity
cid000060789	cardiovascular toxicity
cid000060789	cardiovascular toxicity
cid000003110	nephrotoxicity
cid000000323	hepatotoxicity
cid000002611	nephrotoxicity
cid000005839	cardiovascular toxicity
cid000005839	cardiovascular toxicity
cid000005839	cardiovascular toxicity
cid000005839	cardiovascular toxicity
cid000005839	cardiovascular toxicity
cid000002714	carcinogenicity
cid000002714	cardiovascular toxicity
cid000002714	hepatotoxicity
cid000004638	hepatotoxicity
cid000004638	cardiovascular toxicity
cid000004638	carcinogenicity
cid000004951	cardiovascular toxicity
cid000015020	hepatotoxicity
cid000016574	blood & bone marrow toxicity
cid000005479	cardiovascular toxicity
cid000002313	hepatotoxicity
cid000003369	embryo/fetal toxicity
cid000003369	embryo/fetal toxicity
cid000004746	hepatotoxicity
cid000015250	hepatotoxicity
cid000004496	cardiovascular toxicity
cid000003159	hepatotoxicity
cid000003159	cardiovascular toxicity
cid000003159	embryo/fetal toxicity
cid000003159	nephrotoxicity
cid000002810	cardiovascular toxicity
cid000003156	cardiovascular toxicity
cid000003156	cardiovascular toxicity
cid000002914	cardiovascular toxicity
cid000002914	hepatotoxicity
cid000002914	carcinogenicity
cid000002447	cardiovascular toxicity
cid000002468	nephrotoxicity
cid000002468	cardiovascular toxicity
cid000006075	cardiovascular toxicity
cid000006075	cardiovascular toxicity
cid000000453	cardiovascular toxicity
cid000000453	nephrotoxicity
cid000006503	hepatotoxicity
cid000004098	carcinogenicity
cid000004098	cardiovascular toxicity
cid000004098	carcinogenicity
cid000004098	cardiovascular toxicity
cid000004098	cardiovascular toxicity
cid000004098	carcinogenicity
cid000003258	cardiovascular toxicity
cid000003258	hepatotoxicity
cid000003258	hepatotoxicity
cid000003258	cardiovascular toxicity
cid005001396	gastrointestinal toxicity
cid005001396	cardiovascular toxicity
cid005001396	nephrotoxicity
cid005001396	blood & bone marrow toxicity
cid005001396	embryo/fetal toxicity
cid005001396	cardiovascular toxicity
cid005001396	gastrointestinal toxicity
cid005001396	nephrotoxicity
cid005001396	blood & bone marrow toxicity
cid005001396	embryo/fetal toxicity
cid005001396	nephrotoxicity
cid005001396	blood & bone marrow toxicity
cid005001396	cardiovascular toxicity
cid005001396	gastrointestinal toxicity
cid005001396	embryo/fetal toxicity
cid000005717	carcinogenicity
cid000005718	hepatotoxicity
cid000005718	embryo/fetal toxicity
cid000005718	nephrotoxicity
cid000005718	cardiovascular toxicity
cid000005726	nephrotoxicity
cid000005726	blood & bone marrow toxicity
cid000005726	cardiovascular toxicity
cid000005727	carcinogenicity
cid000005727	dermatologic toxicity
cid000003965	blood & bone marrow toxicity
cid000003965	cardiovascular toxicity
cid000003965	nephrotoxicity
cid000003965	hepatotoxicity
cid000003965	hepatotoxicity
cid000003965	nephrotoxicity
cid000003965	cardiovascular toxicity
cid000003965	blood & bone marrow toxicity
cid000005467	cardiovascular toxicity
cid000005467	cardiovascular toxicity
cid000039941	hepatotoxicity
cid000039941	nephrotoxicity
cid000002008	mutagenicity
cid000002008	neurotoxicity
cid000002008	carcinogenicity
cid000002008	gastrointestinal toxicity
cid000002008	blood & bone marrow toxicity
cid000002008	cardiovascular toxicity
cid000036709	mutagenicity
cid000002680	cardiovascular toxicity
cid000002575	nephrotoxicity
cid000002270	hepatotoxicity
cid000002270	hepatotoxicity
cid000038409	nephrotoxicity
cid000038409	cardiovascular toxicity
cid000038409	hepatotoxicity
cid000002180	cardiovascular toxicity
cid000023479	cardiovascular toxicity
cid000023479	cardiovascular toxicity
cid000005732	cardiovascular toxicity
cid000005732	nephrotoxicity
cid000005732	cardiovascular toxicity
cid000005732	nephrotoxicity
cid000045469	cardiovascular toxicity
cid000045469	cardiovascular toxicity
cid000002550	hepatotoxicity
cid000002550	cardiovascular toxicity
cid000004946	cardiovascular toxicity
cid000004506	cardiovascular toxicity
cid000003938	cardiovascular toxicity
cid000003938	cardiovascular toxicity
cid000002828	cardiovascular toxicity
cid000000303	cardiovascular toxicity
cid000000303	cardiovascular toxicity
cid000000303	cardiovascular toxicity
cid000003966	cardiovascular toxicity
cid000003966	cardiovascular toxicity
cid000003966	cardiovascular toxicity
cid000006278	cardiovascular toxicity
cid000006278	hepatotoxicity
cid000006366	carcinogenicity
cid000006366	mutagenicity
cid000006366	hepatotoxicity
cid000443495	neurotoxicity
cid000443495	carcinogenicity
cid000443495	cardiovascular toxicity
cid000443495	gastrointestinal toxicity
cid000443495	nephrotoxicity
cid000005943	hepatotoxicity
cid000005943	nephrotoxicity
cid000005943	cardiovascular toxicity
cid000005943	carcinogenicity
cid000005943	neurotoxicity
cid000005921	mutagenicity
cid000005921	carcinogenicity
cid000005921	hepatotoxicity
cid000006228	hepatotoxicity
cid000007577	carcinogenicity
cid000007577	mutagenicity
cid000007577	hepatotoxicity
cid000004752	nephrotoxicity
cid000004752	hepatotoxicity
cid000004752	hepatotoxicity
cid000004752	nephrotoxicity
cid000007858	nephrotoxicity
cid000007858	hepatotoxicity
cid000011080	biliary system toxicity
cid000011080	mutagenicity
cid000005897	mutagenicity
cid000005897	carcinogenicity
cid000005897	hepatotoxicity
cid000000289	cardiovascular toxicity
cid000000289	carcinogenicity
cid000000289	nephrotoxicity
cid000006212	nephrotoxicity
cid000006212	hepatotoxicity
cid000006212	carcinogenicity
cid000008343	carcinogenicity
cid000009321	mutagenicity
cid000009321	carcinogenicity
cid000009321	cardiovascular toxicity
cid000009321	hepatotoxicity
cid000007000	mutagenicity
cid000007000	carcinogenicity
cid000003262	carcinogenicity
cid000003262	cardiovascular toxicity
cid000002554	hepatotoxicity
cid000002554	embryo/fetal toxicity
cid000002554	nephrotoxicity
cid000002554	cardiovascular toxicity
cid000002554	dermatologic toxicity
cid000002554	hepatotoxicity
cid000002554	dermatologic toxicity
cid000002554	embryo/fetal toxicity
cid000002554	nephrotoxicity
cid000002554	cardiovascular toxicity
cid000002554	embryo/fetal toxicity
cid000002554	nephrotoxicity
cid000002554	cardiovascular toxicity
cid000002554	dermatologic toxicity
cid000002554	hepatotoxicity
cid000002554	hepatotoxicity
cid000002554	dermatologic toxicity
cid000002554	embryo/fetal toxicity
cid000002554	nephrotoxicity
cid000002554	cardiovascular toxicity
cid000031315	hepatotoxicity
cid006711222	carcinogenicity
cid000006338	hepatotoxicity
cid000006338	nephrotoxicity
cid000006338	carcinogenicity
cid000006338	mutagenicity
cid000005733	cardiovascular toxicity
cid000002140	cardiovascular toxicity
cid000002140	nephrotoxicity
cid000009317	poisoning
cid000009317	cardiovascular toxicity
cid000009317	carcinogenicity
cid000002262	cardiovascular toxicity
cid000002262	cardiovascular toxicity
cid000036324	cardiovascular toxicity
cid000031072	embryo/fetal toxicity
cid000003055	cardiovascular toxicity
cid000003055	cardiovascular toxicity
cid000003288	cardiovascular toxicity
cid000003302	hepatotoxicity
cid000003302	reproductive system toxicity
cid000003334	carcinogenicity
cid000003475	hepatotoxicity
cid000040854	carcinogenicity
cid000040854	embryo/fetal toxicity
cid000003039	cardiovascular toxicity
cid000003039	cardiovascular toxicity
cid000003039	cardiovascular toxicity
cid000003039	cardiovascular toxicity
cid000003039	cardiovascular toxicity
cid000003039	cardiovascular toxicity
cid000003039	cardiovascular toxicity
cid000003039	cardiovascular toxicity
cid000003039	cardiovascular toxicity
cid000003039	cardiovascular toxicity
cid000003039	cardiovascular toxicity
cid000042574	ocular toxicity
cid000042574	hepatotoxicity
cid000005344	hepatotoxicity
cid000005358	cardiovascular toxicity
cid000005358	cardiovascular toxicity
cid000005358	cardiovascular toxicity
cid000001935	cardiovascular toxicity
cid000001935	cardiovascular toxicity
cid000004836	nephrotoxicity
cid000004836	nephrotoxicity
cid000060020	nephrotoxicity
cid000060020	nephrotoxicity
cid051508717	cardiovascular toxicity
cid051508717	nephrotoxicity
cid000005401	cardiovascular toxicity
cid000005401	cardiovascular toxicity
cid000005401	cardiovascular toxicity
cid000005402	hepatotoxicity
cid000005402	hepatotoxicity
cid000005403	cardiovascular toxicity
cid000005405	cardiovascular toxicity
cid000000015	carcinogenicity
cid000000015	cardiovascular toxicity
cid000005408	carcinogenicity
cid000005408	embryo/fetal toxicity
cid000005408	carcinogenicity
cid000005408	embryo/fetal toxicity
cid000005411	cardiovascular toxicity
cid000005411	cardiovascular toxicity
cid027885548	hepatotoxicity
cid027885548	nephrotoxicity
cid027885548	embryo/fetal toxicity
cid027885548	hepatotoxicity
cid027885548	nephrotoxicity
cid027885548	embryo/fetal toxicity
cid027885548	embryo/fetal toxicity
cid027885548	nephrotoxicity
cid027885548	hepatotoxicity
cid027885548	nephrotoxicity
cid027885548	embryo/fetal toxicity
cid027885548	hepatotoxicity
cid027885548	embryo/fetal toxicity
cid027885548	nephrotoxicity
cid027885548	hepatotoxicity
cid027885548	nephrotoxicity
cid027885548	embryo/fetal toxicity
cid027885548	hepatotoxicity
cid027885548	nephrotoxicity
cid027885548	hepatotoxicity
cid027885548	embryo/fetal toxicity
cid000002153	cardiovascular toxicity
cid000005430	cardiovascular toxicity
cid000005430	nephrotoxicity
cid000005430	hepatotoxicity
cid000005430	embryo/fetal toxicity
cid000005441	poisoning
cid002723601	carcinogenicity
cid002723601	embryo/fetal toxicity
cid002723601	mutagenicity
cid002723601	hepatotoxicity
cid002723601	blood & bone marrow toxicity
cid000005452	cardiovascular toxicity
cid000005472	carcinogenicity
cid000005472	carcinogenicity
cid000005478	cardiovascular toxicity
cid000005478	cardiovascular toxicity
cid000038945	cardiovascular toxicity
cid000038945	cardiovascular toxicity
cid004659569	hepatotoxicity
cid004659569	nephrotoxicity
cid000005508	nephrotoxicity
cid000005508	cardiovascular toxicity
cid000005508	cardiovascular toxicity
cid000005508	nephrotoxicity
cid000005508	cardiovascular toxicity
cid000005508	nephrotoxicity
cid000005515	blood & bone marrow toxicity
cid000005515	blood & bone marrow toxicity
cid000005515	blood & bone marrow toxicity
cid000041781	cardiovascular toxicity
cid000005526	cardiovascular toxicity
cid000005526	nephrotoxicity
cid000005530	cardiovascular toxicity
cid000005530	cardiovascular toxicity
cid000005533	cardiovascular toxicity
cid000005533	cardiovascular toxicity
cid000005546	nephrotoxicity
cid000005556	hepatotoxicity
cid000005556	embryo/fetal toxicity
cid000005566	cardiovascular toxicity
cid000005566	cardiovascular toxicity
cid000005585	immune system toxicity
cid000005593	cardiovascular toxicity
cid000001210	cardiovascular toxicity
cid000005641	carcinogenicity
cid000005641	embryo/fetal toxicity
cid000005641	blood & bone marrow toxicity
cid000005641	hepatotoxicity
cid000005641	cardiovascular toxicity
cid000003121	hepatotoxicity
cid000003121	blood & bone marrow toxicity
cid000003121	embryo/fetal toxicity
cid000003121	hepatotoxicity
cid000003121	blood & bone marrow toxicity
cid000003121	embryo/fetal toxicity
cid000005650	cardiovascular toxicity
cid000005651	nephrotoxicity
cid000005651	cardiovascular toxicity
cid000005651	immune system toxicity
cid000002520	cardiovascular toxicity
cid000002520	cardiovascular toxicity
cid000013342	blood & bone marrow toxicity
cid000013342	nephrotoxicity
cid000013342	embryo/fetal toxicity
cid000005978	cardiovascular toxicity
cid000005978	embryo/fetal toxicity
cid000005978	nephrotoxicity
cid000005978	cardiovascular toxicity
cid000005978	embryo/fetal toxicity
cid000005978	nephrotoxicity
cid000040839	blood & bone marrow toxicity
cid000005672	blood & bone marrow toxicity
cid000005672	cardiovascular toxicity
cid000005672	cardiovascular toxicity
cid000005672	blood & bone marrow toxicity
cid000005029	carcinogenicity
cid000000838	cardiovascular toxicity
cid000005035	cardiovascular toxicity
cid000005035	cardiovascular toxicity
cid000005038	embryo/fetal toxicity
cid000005038	hepatotoxicity
cid000005038	cardiovascular toxicity
cid000005039	cardiovascular toxicity
cid000005039	cardiovascular toxicity
cid000005040	embryo/fetal toxicity
cid000005040	carcinogenicity
cid000005040	blood & bone marrow toxicity
cid000005052	cardiovascular toxicity
cid000005064	mutagenicity
cid000005064	carcinogenicity
cid000005064	cardiovascular toxicity
cid000005064	embryo/fetal toxicity
cid000005064	blood & bone marrow toxicity
cid005361912	blood & bone marrow toxicity
cid005381226	nephrotoxicity
cid005381226	embryo/fetal toxicity
cid005381226	hepatotoxicity
cid000005071	cardiovascular toxicity
cid000005071	cardiovascular toxicity
cid000005071	cardiovascular toxicity
cid000005245	embryo/fetal toxicity
cid000005245	embryo/fetal toxicity
cid000005073	cardiovascular toxicity
cid000005090	cardiovascular toxicity
cid000005090	nephrotoxicity
cid000005090	hepatotoxicity
cid000005092	hepatotoxicity
cid000005092	cardiovascular toxicity
cid000077998	cardiovascular toxicity
cid000005102	carcinogenicity
cid000005102	carcinogenicity
cid000005104	carcinogenicity
cid000005104	nephrotoxicity
cid000005144	carcinogenicity
cid000005144	cardiovascular toxicity
cid000005144	hepatotoxicity
cid000005144	mutagenicity
cid000005144	hepatotoxicity
cid000005144	mutagenicity
cid000005144	carcinogenicity
cid000005144	cardiovascular toxicity
cid000005144	hepatotoxicity
cid000005144	cardiovascular toxicity
cid000005144	carcinogenicity
cid000005144	mutagenicity
cid000005144	mutagenicity
cid000005144	carcinogenicity
cid000005144	cardiovascular toxicity
cid000005144	hepatotoxicity
cid000002083	cardiovascular toxicity
cid000002083	cardiovascular toxicity
cid000004595	cardiovascular toxicity
cid000004595	cardiovascular toxicity
cid000004595	cardiovascular toxicity
cid000004595	cardiovascular toxicity
cid000004595	cardiovascular toxicity
cid000061671	nephrotoxicity
cid000061671	mutagenicity
cid000004605	cardiovascular toxicity
cid000004605	cardiovascular toxicity
cid000004605	cardiovascular toxicity
cid000004607	nephrotoxicity
cid000004607	hepatotoxicity
cid000004614	nephrotoxicity
cid054675779	hepatotoxicity
cid000004675	respiratory toxicity
cid000004678	cardiovascular toxicity
cid000004680	hepatotoxicity
cid000004680	cardiovascular toxicity
cid000004689	nephrotoxicity
cid000004691	reproductive system toxicity
cid000004691	carcinogenicity
cid000004723	hepatotoxicity
cid000004723	hepatotoxicity
cid000004723	hepatotoxicity
cid000004723	hepatotoxicity
cid000004723	hepatotoxicity
cid000004723	hepatotoxicity
cid000004723	hepatotoxicity
cid000004011	cardiovascular toxicity
cid000004011	cardiovascular toxicity
cid000004030	embryo/fetal toxicity
cid000004033	blood & bone marrow toxicity
cid000004033	carcinogenicity
cid000004033	mutagenicity
cid000004033	nephrotoxicity
cid000004033	embryo/fetal toxicity
cid000004033	embryo/fetal toxicity
cid000004033	nephrotoxicity
cid000004033	carcinogenicity
cid000004033	blood & bone marrow toxicity
cid000004033	mutagenicity
cid000004034	cardiovascular toxicity
cid000004034	cardiovascular toxicity
cid000004034	cardiovascular toxicity
cid000004036	nephrotoxicity
cid000004036	cardiovascular toxicity
cid000004036	hepatotoxicity
cid000004036	cardiovascular toxicity
cid000004036	nephrotoxicity
cid000004036	hepatotoxicity
cid000010631	reproductive system toxicity
cid000010631	cardiovascular toxicity
cid000004044	blood & bone marrow toxicity
cid000004044	nephrotoxicity
cid000004044	cardiovascular toxicity
cid000004044	hepatotoxicity
cid000004048	cardiovascular toxicity
cid000004048	reproductive system toxicity
cid000004048	embryo/fetal toxicity
cid000004051	nephrotoxicity
cid000004051	cardiovascular toxicity
cid000004051	hepatotoxicity
cid000004053	mutagenicity
cid000004053	hepatotoxicity
cid000004053	blood & bone marrow toxicity
cid000004053	carcinogenicity
cid000004053	embryo/fetal toxicity
cid000004062	cardiovascular toxicity
cid000004062	cardiovascular toxicity
cid000667490	carcinogenicity
cid000667490	hepatotoxicity
cid000667490	blood & bone marrow toxicity
cid000667490	embryo/fetal toxicity
cid000667490	mutagenicity
cid000004075	hepatotoxicity
cid000000598	nephrotoxicity
cid000000598	cardiovascular toxicity
cid000004080	cardiovascular toxicity
cid000004080	carcinogenicity
cid000004087	cardiovascular toxicity
cid000004087	cardiovascular toxicity
cid000004091	cardiovascular toxicity
cid000001798	gastrointestinal toxicity
cid000004101	nephrotoxicity
cid001349907	embryo/fetal toxicity
cid001349907	hepatotoxicity
cid000004107	cardiovascular toxicity
cid000032176	cardiovascular toxicity
cid000032176	nephrotoxicity
cid000032176	hepatotoxicity
cid000004138	hepatotoxicity
cid000004138	cardiovascular toxicity
cid000004138	hepatotoxicity
cid000004138	cardiovascular toxicity
cid000004140	cardiovascular toxicity
cid000004140	nephrotoxicity
cid000004160	carcinogenicity
cid000004163	cardiovascular toxicity
cid000004168	cardiovascular toxicity
cid000004168	mental health disorders
cid000004168	mental health disorders
cid000004168	cardiovascular toxicity
cid000004168	cardiovascular toxicity
cid000004168	mental health disorders
cid000004168	cardiovascular toxicity
cid000004168	mental health disorders
cid000004178	cardiovascular toxicity
cid000004184	cardiovascular toxicity
cid000060662	cardiovascular toxicity
cid000060662	cardiovascular toxicity
cid000060662	cardiovascular toxicity
cid000004192	cardiovascular toxicity
cid000004192	respiratory toxicity
cid000004201	cardiovascular toxicity
cid000005746	blood & bone marrow toxicity
cid000005746	nephrotoxicity
cid000004211	mental health disorders
cid000004211	cardiovascular toxicity
cid000004212	cardiovascular toxicity
cid000004212	gastrointestinal toxicity
cid000004212	carcinogenicity
cid000004212	hepatotoxicity
cid000004212	blood & bone marrow toxicity
cid000034632	cardiovascular toxicity
cid000004253	cardiovascular toxicity
cid000004259	cardiovascular toxicity
cid000004259	cardiovascular toxicity
cid000004271	embryo/fetal toxicity
cid000004271	nephrotoxicity
cid000004271	blood & bone marrow toxicity
cid000004271	carcinogenicity
cid000004271	electrolyte disturbance
cid000004271	cardiovascular toxicity
cid000004271	mutagenicity
cid000004271	carcinogenicity
cid000004271	electrolyte disturbance
cid000004271	blood & bone marrow toxicity
cid000004271	nephrotoxicity
cid000004271	embryo/fetal toxicity
cid000004271	cardiovascular toxicity
cid000004271	mutagenicity
cid000006319	carcinogenicity
cid000003637	cardiovascular toxicity
cid000003637	nephrotoxicity
cid000003637	nephrotoxicity
cid000003637	cardiovascular toxicity
cid000003637	cardiovascular toxicity
cid000003637	nephrotoxicity
cid000003639	nephrotoxicity
cid000003639	cardiovascular toxicity
cid000003648	cardiovascular toxicity
cid000003652	cardiovascular toxicity
cid000003652	hepatotoxicity
cid000003652	hepatotoxicity
cid000003652	cardiovascular toxicity
cid000006238	reproductive system toxicity
cid000006238	reproductive system toxicity
cid000003661	reproductive system toxicity
cid000003661	reproductive system toxicity
cid000005595	cardiovascular toxicity
cid000005595	cardiovascular toxicity
cid000003685	carcinogenicity
cid000003685	nephrotoxicity
cid000003685	mutagenicity
cid000003685	blood & bone marrow toxicity
cid000003685	hepatotoxicity
cid000003685	cardiovascular toxicity
cid000003687	blood & bone marrow toxicity
cid000003687	embryo/fetal toxicity
cid000003696	cardiovascular toxicity
cid000003696	cardiovascular toxicity
cid000060787	nephrotoxicity
cid000060787	hepatotoxicity
cid000003748	hepatotoxicity
cid000003748	cardiovascular toxicity
cid000003748	hepatotoxicity
cid000003748	cardiovascular toxicity
cid000003749	cardiovascular toxicity
cid000003749	embryo/fetal toxicity
cid000003750	blood & bone marrow toxicity
cid000003750	cardiovascular toxicity
cid000003750	nephrotoxicity
cid000003750	cardiovascular toxicity
cid000003750	nephrotoxicity
cid000003750	blood & bone marrow toxicity
cid000003763	cardiovascular toxicity
cid000003779	cardiovascular toxicity
cid000005538	nephrotoxicity
cid000005538	hepatotoxicity
cid000005538	embryo/fetal toxicity
cid000005538	hepatotoxicity
cid000005538	embryo/fetal toxicity
cid000005538	nephrotoxicity
cid000003783	cardiovascular toxicity
cid000003783	cardiovascular toxicity
cid000003793	embryo/fetal toxicity
cid000003793	hepatotoxicity
cid000003793	cardiovascular toxicity
cid000000815	ototoxicity
cid000000815	nephrotoxicity
cid000000815	ototoxicity
cid000000815	nephrotoxicity
cid000000815	nephrotoxicity
cid000000815	ototoxicity
cid000000815	nephrotoxicity
cid000000815	ototoxicity
cid000000815	ototoxicity
cid000000815	nephrotoxicity
cid000003821	mental health disorders
cid000003821	cardiovascular toxicity
cid000003821	mental health disorders
cid000003821	cardiovascular toxicity
cid000003821	mental health disorders
cid000003821	cardiovascular toxicity
cid000003821	mental health disorders
cid000003821	cardiovascular toxicity
cid000003825	hepatotoxicity
cid000003825	nephrotoxicity
cid000003826	hepatotoxicity
cid000003826	nephrotoxicity
cid000003826	hepatotoxicity
cid000003826	nephrotoxicity
cid000004782	cardiovascular toxicity
cid000003869	hepatotoxicity
cid000003869	cardiovascular toxicity
cid000003869	cardiovascular toxicity
cid000003869	hepatotoxicity
cid000003899	hepatotoxicity
cid000003899	embryo/fetal toxicity
cid000003902	embryo/fetal toxicity
cid000003902	cardiovascular toxicity
cid000000836	cardiovascular toxicity
cid000000836	mental health disorders
cid000000836	mental health disorders
cid000000836	cardiovascular toxicity
cid000000836	mental health disorders
cid000000836	cardiovascular toxicity
cid000004583	immune system toxicity
cid000004583	cardiovascular toxicity
cid000004583	immune system toxicity
cid000004583	cardiovascular toxicity
cid000000853	cardiovascular toxicity
cid000000853	cardiovascular toxicity
cid000000853	cardiovascular toxicity
cid000003676	cardiovascular toxicity
cid000003676	cardiovascular toxicity
cid000003676	cardiovascular toxicity
cid000003928	cardiovascular toxicity
cid000003928	gastrointestinal toxicity
cid000003928	cardiovascular toxicity
cid000003928	gastrointestinal toxicity
cid000000861	cardiovascular toxicity
cid000003937	hepatotoxicity
cid000003937	cardiovascular toxicity
cid000003937	embryo/fetal toxicity
cid000003948	cardiovascular toxicity
cid000003948	hepatotoxicity
cid000003948	cardiovascular toxicity
cid000003948	hepatotoxicity
cid000003950	nephrotoxicity
cid000003950	hepatotoxicity
cid000003950	blood & bone marrow toxicity
cid000003950	carcinogenicity
cid000003958	embryo/fetal toxicity
cid000003958	cardiovascular toxicity
cid000003961	embryo/fetal toxicity
cid000003961	embryo/fetal toxicity
cid000003333	cardiovascular toxicity
cid000003333	cardiovascular toxicity
cid000003337	cardiovascular toxicity
cid000003342	nephrotoxicity
cid000003342	nephrotoxicity
cid000003342	nephrotoxicity
cid000003342	nephrotoxicity
cid000003345	cardiovascular toxicity
cid000003355	cardiovascular toxicity
cid000003355	cardiovascular toxicity
cid000003367	blood & bone marrow toxicity
cid000003370	cardiovascular toxicity
cid000003373	cardiovascular toxicity
cid000003363	hepatotoxicity
cid000003363	biliary system toxicity
cid000003363	cardiovascular toxicity
cid000003385	blood & bone marrow toxicity
cid000003385	cardiovascular toxicity
cid000003372	neurotoxicity
cid000003372	cardiovascular toxicity
cid000003372	cardiovascular toxicity
cid000003372	neurotoxicity
cid000003393	cardiovascular toxicity
cid000003393	embryo/fetal toxicity
cid000003393	embryo/fetal toxicity
cid000003393	cardiovascular toxicity
cid000003393	embryo/fetal toxicity
cid000003393	cardiovascular toxicity
cid000003397	reproductive system toxicity
cid000003397	carcinogenicity
cid000003397	hepatotoxicity
cid000003397	nephrotoxicity
cid000003403	carcinogenicity
cid000003403	musculoskeletal system toxicity
cid000003403	carcinogenicity
cid000003403	musculoskeletal system toxicity
cid000003406	cardiovascular toxicity
cid000003414	nephrotoxicity
cid000003414	cardiovascular toxicity
cid000003414	neurotoxicity
cid000003414	neurotoxicity
cid000003414	nephrotoxicity
cid000003414	cardiovascular toxicity
cid000003435	cardiovascular toxicity
cid000003440	nephrotoxicity
cid000003449	nephrotoxicity
cid000003449	cardiovascular toxicity
cid000003449	nephrotoxicity
cid000003449	cardiovascular toxicity
cid000003449	nephrotoxicity
cid000003449	cardiovascular toxicity
cid000003454	blood & bone marrow toxicity
cid000003454	nephrotoxicity
cid000003454	neurotoxicity
cid000003454	neurotoxicity
cid000003454	nephrotoxicity
cid000003454	blood & bone marrow toxicity
cid000005379	nephrotoxicity
cid000005379	nephrotoxicity
cid000003461	blood & bone marrow toxicity
cid000003461	nephrotoxicity
cid000003461	nephrotoxicity
cid000003461	blood & bone marrow toxicity
cid000003463	carcinogenicity
cid000003463	cardiovascular toxicity
cid000003463	hepatotoxicity
cid005280961	carcinogenicity
cid005280961	mutagenicity
cid000003467	nephrotoxicity
cid000003467	ototoxicity
cid000003467	nephrotoxicity
cid000003467	ototoxicity
cid000003468	mutagenicity
cid000003468	cardiovascular toxicity
cid000003468	carcinogenicity
cid000003468	dermatologic toxicity
cid000003476	hepatotoxicity
cid000000753	nephrotoxicity
cid000021852	carcinogenicity
cid000000750	cardiovascular toxicity
cid000003496	nephrotoxicity
cid000003496	embryo/fetal toxicity
cid000003496	cardiovascular toxicity
cid000003496	gastrointestinal toxicity
cid000003496	cardiovascular toxicity
cid000003496	nephrotoxicity
cid000003496	embryo/fetal toxicity
cid000003496	gastrointestinal toxicity
cid000003496	gastrointestinal toxicity
cid000003496	embryo/fetal toxicity
cid000003496	nephrotoxicity
cid000003496	cardiovascular toxicity
cid000003496	cardiovascular toxicity
cid000003496	nephrotoxicity
cid000003496	gastrointestinal toxicity
cid000003496	embryo/fetal toxicity
cid000003496	gastrointestinal toxicity
cid000003496	cardiovascular toxicity
cid000003496	nephrotoxicity
cid000003496	embryo/fetal toxicity
cid000003510	embryo/fetal toxicity
cid000003510	mutagenicity
cid000003510	cardiovascular toxicity
cid000003510	carcinogenicity
cid000003510	cardiovascular toxicity
cid000003510	embryo/fetal toxicity
cid000003510	mutagenicity
cid000003510	carcinogenicity
cid000072474	cardiovascular toxicity
cid000072474	cardiovascular toxicity
cid000003512	mental health disorders
cid000003512	mental health disorders
cid000003512	mental health disorders
cid000003512	mental health disorders
cid000003512	mental health disorders
cid000003512	mental health disorders
cid000003517	cardiovascular toxicity
cid000003517	cardiovascular toxicity
cid000003519	cardiovascular toxicity
cid000003519	cardiovascular toxicity
cid000003559	cardiovascular toxicity
cid000003562	nephrotoxicity
cid000003562	cardiovascular toxicity
cid000003562	hepatotoxicity
cid000003623	ocular toxicity
cid000002083	cardiovascular toxicity
cid000005152	cardiovascular toxicity
cid000005152	cardiovascular toxicity
cid000005161	nephrotoxicity
cid000005161	hepatotoxicity
cid000005193	embryo/fetal toxicity
cid000005193	hepatotoxicity
cid000005193	cardiovascular toxicity
cid000005195	cardiovascular toxicity
cid000005195	cardiovascular toxicity
cid000005195	cardiovascular toxicity
cid000005195	cardiovascular toxicity
cid000005203	reproductive system toxicity
cid000005203	cardiovascular toxicity
cid000005203	cardiovascular toxicity
cid000005203	reproductive system toxicity
cid000005212	nephrotoxicity
cid000005212	cardiovascular toxicity
cid000005224	nephrotoxicity
cid000005224	embryo/fetal toxicity
cid000005224	nephrotoxicity
cid000005224	embryo/fetal toxicity
cid000005224	embryo/fetal toxicity
cid000005224	nephrotoxicity
cid000005253	cardiovascular toxicity
cid000005253	cardiovascular toxicity
cid000005253	cardiovascular toxicity
cid000005257	cardiovascular toxicity
cid000005257	cardiovascular toxicity
cid000005267	nephrotoxicity
cid000005277	hepatotoxicity
cid000005277	carcinogenicity
cid000005277	embryo/fetal toxicity
cid000005155	hepatotoxicity
cid000005297	nephrotoxicity
cid000005297	nephrotoxicity
cid000005300	carcinogenicity
cid000005300	hepatotoxicity
cid000005300	nephrotoxicity
cid000005304	neurotoxicity
cid000005304	nephrotoxicity
cid000005304	cardiovascular toxicity
cid000005304	respiratory toxicity
cid000005304	respiratory toxicity
cid000005304	nephrotoxicity
cid000005304	cardiovascular toxicity
cid000005304	neurotoxicity
cid000005304	neurotoxicity
cid000005304	cardiovascular toxicity
cid000005304	respiratory toxicity
cid000005304	nephrotoxicity
cid000005304	neurotoxicity
cid000005304	nephrotoxicity
cid000005304	cardiovascular toxicity
cid000005304	respiratory toxicity
cid000005314	cardiovascular toxicity
cid000041693	respiratory toxicity
cid000041693	cardiovascular toxicity
cid000041693	respiratory toxicity
cid000041693	cardiovascular toxicity
cid000005316	cardiovascular toxicity
cid000005316	nephrotoxicity
cid000005215	cardiovascular toxicity
cid000017134	hepatotoxicity
cid000005327	nephrotoxicity
cid000005328	hepatotoxicity
cid000005329	hepatotoxicity
cid005353980	hepatotoxicity
cid005353980	nephrotoxicity
cid000005340	hepatotoxicity
cid000004727	hepatotoxicity
cid000004727	nephrotoxicity
cid000004727	embryo/fetal toxicity
cid000007025	hepatotoxicity
cid000007025	carcinogenicity
cid000007025	mutagenicity
cid000007025	carcinogenicity
cid000007025	hepatotoxicity
cid000007025	mutagenicity
cid000002349	nephrotoxicity
cid000004730	nephrotoxicity
cid000004730	nephrotoxicity
cid000004735	cardiovascular toxicity
cid000004735	nephrotoxicity
cid000004737	embryo/fetal toxicity
cid000004737	hepatotoxicity
cid000004737	carcinogenicity
cid000004737	cardiovascular toxicity
cid000004737	carcinogenicity
cid000004737	embryo/fetal toxicity
cid000004737	hepatotoxicity
cid000004737	cardiovascular toxicity
cid000004740	carcinogenicity
cid000004745	cardiovascular toxicity
cid000004748	cardiovascular toxicity
cid000004753	nephrotoxicity
cid000004754	carcinogenicity
cid000004754	cardiovascular toxicity
cid000004754	nephrotoxicity
cid000003675	hepatotoxicity
cid000003675	hepatotoxicity
cid000003675	hepatotoxicity
cid000003675	hepatotoxicity
cid000003675	hepatotoxicity
cid000003675	hepatotoxicity
cid000004763	embryo/fetal toxicity
cid000004763	cardiovascular toxicity
cid000004763	hepatotoxicity
cid000004763	cardiovascular toxicity
cid000004763	hepatotoxicity
cid000004763	embryo/fetal toxicity
cid000000996	cardiovascular toxicity
cid000000996	hepatotoxicity
cid000004771	cardiovascular toxicity
cid000005775	cardiovascular toxicity
cid000004781	cardiovascular toxicity
cid000004781	hepatotoxicity
cid000004781	nephrotoxicity
cid000004781	cardiovascular toxicity
cid000004781	hepatotoxicity
cid000004781	nephrotoxicity
cid000004786	cardiovascular toxicity
cid000004786	nephrotoxicity
cid000001775	carcinogenicity
cid000001775	nephrotoxicity
cid000001775	hepatotoxicity
cid000001775	carcinogenicity
cid000001775	hepatotoxicity
cid000001775	nephrotoxicity
cid000001775	hepatotoxicity
cid000001775	carcinogenicity
cid000001775	nephrotoxicity
cid000001775	hepatotoxicity
cid000001775	carcinogenicity
cid000001775	nephrotoxicity
cid000001775	carcinogenicity
cid000001775	nephrotoxicity
cid000001775	hepatotoxicity
cid000001775	nephrotoxicity
cid000001775	carcinogenicity
cid000001775	hepatotoxicity
cid000004811	cardiovascular toxicity
cid000004811	cardiovascular toxicity
cid000031304	neurotoxicity
cid000004828	cardiovascular toxicity
cid000004828	cardiovascular toxicity
cid000004828	cardiovascular toxicity
cid000004828	cardiovascular toxicity
cid000004829	cardiovascular toxicity
cid000004829	carcinogenicity
cid000004829	cardiovascular toxicity
cid000004829	carcinogenicity
cid000004829	carcinogenicity
cid000004829	cardiovascular toxicity
cid000004834	nephrotoxicity
cid000004834	nephrotoxicity
cid023690938	nephrotoxicity
cid023690938	blood & bone marrow toxicity
cid023690938	cardiovascular toxicity
cid023690938	hepatotoxicity
cid000004889	hepatotoxicity
cid000004889	nephrotoxicity
cid000004889	carcinogenicity
cid000004889	hepatotoxicity
cid000004889	carcinogenicity
cid000004889	nephrotoxicity
cid000004893	cardiovascular toxicity
cid000004893	cardiovascular toxicity
cid000004893	cardiovascular toxicity
cid000004906	cardiovascular toxicity
cid000004906	cardiovascular toxicity
cid000004911	nephrotoxicity
cid000004911	nephrotoxicity
cid000004912	cardiovascular toxicity
cid000004913	cardiovascular toxicity
cid000004913	cardiovascular toxicity
cid000004914	cardiovascular toxicity
cid000004914	mental health disorders
cid000004914	neurotoxicity
cid000004914	mental health disorders
cid000004914	neurotoxicity
cid000004914	cardiovascular toxicity
cid000004914	mental health disorders
cid000004914	neurotoxicity
cid000004914	cardiovascular toxicity
cid000004915	blood & bone marrow toxicity
cid000004915	cardiovascular toxicity
cid000004915	carcinogenicity
cid000004915	neurotoxicity
cid000004915	embryo/fetal toxicity
cid000004917	nephrotoxicity
cid000004917	cardiovascular toxicity
cid000004917	cardiovascular toxicity
cid000004917	nephrotoxicity
cid000004920	cardiovascular toxicity
cid000004920	reproductive system toxicity
cid000004926	mental health disorders
cid000004926	cardiovascular toxicity
cid000004926	cardiovascular toxicity
cid000004926	mental health disorders
cid000004926	cardiovascular toxicity
cid000004926	mental health disorders
cid000004927	cardiovascular toxicity
cid000004927	cardiovascular toxicity
cid000004946	cardiovascular toxicity
cid000004946	cardiovascular toxicity
cid000004946	cardiovascular toxicity
cid000004946	cardiovascular toxicity
cid000004946	cardiovascular toxicity
cid000001030	hepatotoxicity
cid000001030	cardiovascular toxicity
cid000657298	nephrotoxicity
cid000657298	blood & bone marrow toxicity
cid000657298	hepatotoxicity
cid000001046	hepatotoxicity
cid000004992	cardiovascular toxicity
cid000004992	cardiovascular toxicity
cid000004992	cardiovascular toxicity
cid000001057	cardiovascular toxicity
cid000005002	mental health disorders
cid000005002	cardiovascular toxicity
cid000005002	nephrotoxicity
cid000005002	nephrotoxicity
cid000005002	mental health disorders
cid000005002	cardiovascular toxicity
cid000005005	nephrotoxicity
cid000005005	cardiovascular toxicity
cid000005005	embryo/fetal toxicity
cid000005005	nephrotoxicity
cid000005005	cardiovascular toxicity
cid000005005	embryo/fetal toxicity
cid000005005	nephrotoxicity
cid000005005	cardiovascular toxicity
cid000005005	embryo/fetal toxicity
cid000005005	embryo/fetal toxicity
cid000005005	cardiovascular toxicity
cid000005005	nephrotoxicity
cid000001065	cardiovascular toxicity
cid000001065	cardiovascular toxicity
cid000004409	nephrotoxicity
cid000004409	cardiovascular toxicity
cid000004409	hepatotoxicity
cid000004411	cardiovascular toxicity
cid000004419	cardiovascular toxicity
cid000004419	cardiovascular toxicity
cid000004425	cardiovascular toxicity
cid000004425	cardiovascular toxicity
cid000009904	embryo/fetal toxicity
cid000009904	carcinogenicity
cid000009904	hepatotoxicity
cid000001301	nephrotoxicity
cid000001301	cardiovascular toxicity
cid000001301	cardiovascular toxicity
cid000001301	nephrotoxicity
cid000004449	hepatotoxicity
cid000004449	hepatotoxicity
cid000004456	cardiovascular toxicity
cid000004463	hepatotoxicity
cid000000937	hepatotoxicity
cid000000937	cardiovascular toxicity
cid000000936	cardiovascular toxicity
cid000004473	cardiovascular toxicity
cid000004473	cardiovascular toxicity
cid000000942	embryo/fetal toxicity
cid000000942	cardiovascular toxicity
cid000004488	nephrotoxicity
cid000004493	cardiovascular toxicity
cid000004495	hepatotoxicity
cid000004495	nephrotoxicity
cid000004497	cardiovascular toxicity
cid000004499	cardiovascular toxicity
cid000004507	cardiovascular toxicity
cid000004507	embryo/fetal toxicity
cid000004509	cardiovascular toxicity
cid000004528	nephrotoxicity
cid000004528	cardiovascular toxicity
cid000004528	hepatotoxicity
cid000000951	cardiovascular toxicity
cid000004536	reproductive system toxicity
cid000005832	cardiovascular toxicity
cid000005832	reproductive system toxicity
cid000005832	reproductive system toxicity
cid000005832	cardiovascular toxicity
cid000004539	nephrotoxicity
cid000004539	hepatotoxicity
cid000004539	nephrotoxicity
cid000004539	hepatotoxicity
cid000004542	cardiovascular toxicity
cid000004542	carcinogenicity
cid000004542	reproductive system toxicity
cid000004542	reproductive system toxicity
cid000004542	carcinogenicity
cid000004542	cardiovascular toxicity
cid000004542	reproductive system toxicity
cid000004542	carcinogenicity
cid000004542	cardiovascular toxicity
cid000004542	reproductive system toxicity
cid000004542	cardiovascular toxicity
cid000004542	carcinogenicity
cid000004542	carcinogenicity
cid000004542	cardiovascular toxicity
cid000004542	reproductive system toxicity
cid000004542	cardiovascular toxicity
cid000004542	carcinogenicity
cid000004542	reproductive system toxicity
cid000004542	carcinogenicity
cid000004542	cardiovascular toxicity
cid000004542	reproductive system toxicity
cid000004542	cardiovascular toxicity
cid000004542	carcinogenicity
cid000004542	reproductive system toxicity
cid000004543	cardiovascular toxicity
cid000004543	cardiovascular toxicity
cid000005076	nephrotoxicity
cid000005076	hepatotoxicity
cid000004567	cardiovascular toxicity
cid000004567	cardiovascular toxicity
cid000004585	cardiovascular toxicity
cid000004585	reproductive system toxicity
cid000004595	cardiovascular toxicity
cid000445433	carcinogenicity
cid000445433	mutagenicity
cid000445433	hepatotoxicity
cid000004460	nephrotoxicity
cid000004460	nephrotoxicity
cid000002797	carcinogenicity
cid000002797	cardiovascular toxicity
cid000002797	hepatotoxicity
cid000002336	blood & bone marrow toxicity
cid000002336	mutagenicity
cid000002336	carcinogenicity
cid000002336	embryo/fetal toxicity
cid000009128	carcinogenicity
cid000009128	embryo/fetal toxicity
cid000009128	mutagenicity
cid000005376	carcinogenicity
cid000005376	cardiovascular toxicity
cid000005376	mutagenicity
cid016129672	cardiovascular toxicity
cid016129672	cardiovascular toxicity
cid016129672	cardiovascular toxicity
cid016129672	cardiovascular toxicity
cid016129672	cardiovascular toxicity
cid016129672	cardiovascular toxicity
cid016129672	cardiovascular toxicity
cid016129672	cardiovascular toxicity
cid016129672	cardiovascular toxicity
cid016129672	cardiovascular toxicity
cid016129672	cardiovascular toxicity
cid000003003	cardiovascular toxicity
cid000002796	hepatotoxicity
cid000002796	carcinogenicity
cid000002796	cardiovascular toxicity
cid000003339	embryo/fetal toxicity
cid000003339	carcinogenicity
cid000003339	cardiovascular toxicity
cid000003339	hepatotoxicity
cid000039042	hepatotoxicity
cid000001690	mutagenicity
cid000001690	cardiovascular toxicity
cid000001690	carcinogenicity
cid000001690	blood & bone marrow toxicity
cid000001690	mutagenicity
cid000001690	cardiovascular toxicity
cid000001690	carcinogenicity
cid000001690	blood & bone marrow toxicity
cid000001674	carcinogenicity
cid000001674	mutagenicity
cid000005694	mutagenicity
cid000005694	carcinogenicity
cid000001983	nephrotoxicity
cid000001983	hepatotoxicity
cid000005352	cardiovascular toxicity
cid000005352	nephrotoxicity
cid000003672	cardiovascular toxicity
cid000004485	cardiovascular toxicity
cid000003767	hepatotoxicity
cid000003767	carcinogenicity
cid000003767	neurotoxicity
cid000003640	cardiovascular toxicity
cid000003640	cardiovascular toxicity
cid000015032	carcinogenicity
cid000004594	nephrotoxicity
cid000004594	hepatotoxicity
cid000004594	nephrotoxicity
cid000004594	hepatotoxicity
cid000003962	carcinogenicity
cid000004454	nephrotoxicity
cid000004454	respiratory toxicity
cid000004454	neurotoxicity
cid000004454	ototoxicity
cid000004454	nephrotoxicity
cid000004454	respiratory toxicity
cid000004454	neurotoxicity
cid000004454	ototoxicity
cid000002719	cardiovascular toxicity
cid000002156	cardiovascular toxicity
cid000002156	respiratory toxicity
cid000002156	carcinogenicity
cid000000702	hepatotoxicity
cid000000702	cardiovascular toxicity
cid000005538	embryo/fetal toxicity
cid000003715	cardiovascular toxicity
cid000003715	nephrotoxicity
cid000005496	nephrotoxicity
cid000005496	ototoxicity
cid000002142	ototoxicity
cid000002142	nephrotoxicity
cid000002142	nephrotoxicity
cid000002142	ototoxicity
cid000004174	cardiovascular toxicity
cid000003278	nephrotoxicity
cid000005426	nephrotoxicity
cid000005426	embryo/fetal toxicity
cid000004666	blood & bone marrow toxicity
cid000004666	cardiovascular toxicity
cid000004666	hepatotoxicity
cid000002909	cardiovascular toxicity
cid000004112	nephrotoxicity
cid000004112	hepatotoxicity
cid000004112	cardiovascular toxicity
cid000002833	nephrotoxicity
cid000003310	hepatotoxicity
cid000003310	mutagenicity
cid000003310	blood & bone marrow toxicity
cid000003310	carcinogenicity
cid000003310	cardiovascular toxicity
cid000005372	nephrotoxicity
cid000005372	cardiovascular toxicity
cid000005372	carcinogenicity
cid000005372	carcinogenicity
cid000005372	nephrotoxicity
cid000005372	cardiovascular toxicity
cid000001690	reproductive system toxicity
cid000001690	carcinogenicity
cid000001690	blood & bone marrow toxicity
cid000001690	cardiovascular toxicity
cid000001690	mutagenicity
cid000004583	cardiovascular toxicity
cid000004583	cardiovascular toxicity
cid000004583	cardiovascular toxicity
cid000002854	carcinogenicity
cid000002854	nephrotoxicity
cid000072466	dermatologic toxicity
cid000072466	embryo/fetal toxicity
cid000072466	mutagenicity
cid000072466	nephrotoxicity
cid000072466	cardiovascular toxicity
cid000072466	cardiovascular toxicity
cid000072466	nephrotoxicity
cid000072466	mutagenicity
cid000072466	dermatologic toxicity
cid000072466	embryo/fetal toxicity
cid000003657	carcinogenicity
cid000003657	blood & bone marrow toxicity
cid000002907	blood & bone marrow toxicity
cid000002907	cardiovascular toxicity
cid000002907	genitourinary system toxicity
cid000002907	carcinogenicity
cid000002907	blood & bone marrow toxicity
cid000002907	carcinogenicity
cid000002907	genitourinary system toxicity
cid000002907	cardiovascular toxicity
cid000001972	cardiovascular toxicity
cid000002265	blood & bone marrow toxicity
cid000002265	hepatotoxicity
cid000002265	cardiovascular toxicity
cid000004894	cardiovascular toxicity
cid000004900	cardiovascular toxicity
cid000003825	cardiovascular toxicity
cid000054454	carcinogenicity
cid006333887	nephrotoxicity
cid000004114	cardiovascular toxicity
cid000022318	hepatotoxicity
cid000022318	nephrotoxicity
cid000022318	hepatotoxicity
cid000022318	nephrotoxicity
cid000022318	hepatotoxicity
cid000022318	nephrotoxicity
cid000022318	nephrotoxicity
cid000022318	hepatotoxicity
cid000003672	cardiovascular toxicity
cid000003672	cardiovascular toxicity
cid000005426	nephrotoxicity
cid000005426	embryo/fetal toxicity
cid000005426	nephrotoxicity
cid000005426	embryo/fetal toxicity
cid000003054	cardiovascular toxicity
cid000003054	embryo/fetal toxicity
cid000003054	carcinogenicity
cid000003059	nephrotoxicity
cid000003061	cardiovascular toxicity
cid000003062	cardiovascular toxicity
cid000003066	cardiovascular toxicity
cid000003066	embryo/fetal toxicity
cid000003066	embryo/fetal toxicity
cid000003066	cardiovascular toxicity
cid000003075	cardiovascular toxicity
cid000003075	cardiovascular toxicity
cid000003075	cardiovascular toxicity
cid000010660	cardiovascular toxicity
cid000003100	cardiovascular toxicity
cid000003100	cardiovascular toxicity
cid000003100	cardiovascular toxicity
cid000003108	cardiovascular toxicity
cid000003117	neurotoxicity
cid000003117	hepatotoxicity
cid000036811	cardiovascular toxicity
cid000036811	cardiovascular toxicity
cid000036811	cardiovascular toxicity
cid000003143	blood & bone marrow toxicity
cid000003143	cardiovascular toxicity
cid000003143	cardiovascular toxicity
cid000003143	blood & bone marrow toxicity
cid000003152	cardiovascular toxicity
cid000003152	cardiovascular toxicity
cid000003152	cardiovascular toxicity
cid000003152	cardiovascular toxicity
cid000003157	cardiovascular toxicity
cid000003157	cardiovascular toxicity
cid000003157	cardiovascular toxicity
cid000003158	cardiovascular toxicity
cid000003158	cardiovascular toxicity
cid054671203	embryo/fetal toxicity
cid054671203	embryo/fetal toxicity
cid054671203	embryo/fetal toxicity
cid000003168	cardiovascular toxicity
cid000003182	cardiovascular toxicity
cid000003182	nephrotoxicity
cid000065869	hepatotoxicity
cid000003202	cardiovascular toxicity
cid000009425	cardiovascular toxicity
cid000009425	cardiovascular toxicity
cid000009425	cardiovascular toxicity
cid000003222	cardiovascular toxicity
cid000003222	nephrotoxicity
cid000048040	cardiovascular toxicity
cid000048040	cardiovascular toxicity
cid000005032	cardiovascular toxicity
cid000005032	cardiovascular toxicity
cid000005032	cardiovascular toxicity
cid000000838	cardiovascular toxicity
cid000003251	nephrotoxicity
cid000003251	cardiovascular toxicity
cid000003251	nephrotoxicity
cid000003251	cardiovascular toxicity
cid000003255	hepatotoxicity
cid000003255	cardiovascular toxicity
cid000003255	cardiovascular toxicity
cid000003255	hepatotoxicity
cid000003255	hepatotoxicity
cid000003255	cardiovascular toxicity
cid000003255	cardiovascular toxicity
cid000003255	hepatotoxicity
cid000003255	cardiovascular toxicity
cid000003255	hepatotoxicity
cid000003255	hepatotoxicity
cid000003255	cardiovascular toxicity
cid000059768	cardiovascular toxicity
cid000059768	cardiovascular toxicity
cid000059768	cardiovascular toxicity
cid000000450	carcinogenicity
cid000000450	cardiovascular toxicity
cid000000698	carcinogenicity
cid000000698	cardiovascular toxicity
cid000003279	nephrotoxicity
cid000003279	neurotoxicity
cid000003280	cardiovascular toxicity
cid000003285	cardiovascular toxicity
cid000003304	cardiovascular toxicity
cid000003305	embryo/fetal toxicity
cid000003305	embryo/fetal toxicity
cid000003308	nephrotoxicity
cid000003308	hepatotoxicity
cid000003324	carcinogenicity
cid000003331	hepatotoxicity
cid000002712	cardiovascular toxicity
cid000002720	nephrotoxicity
cid000002725	cardiovascular toxicity
cid000002726	cardiovascular toxicity
cid000002726	cardiovascular toxicity
cid000002732	nephrotoxicity
cid000002732	cardiovascular toxicity
cid000002733	hepatotoxicity
cid000002756	carcinogenicity
cid000002764	nephrotoxicity
cid000002764	nephrotoxicity
cid000002769	cardiovascular toxicity
cid000002767	cardiovascular toxicity
cid000002767	nephrotoxicity
cid006951074	hepatotoxicity
cid006951074	nephrotoxicity
cid006951074	carcinogenicity
cid000001546	blood & bone marrow toxicity
cid000026986	cardiovascular toxicity
cid000002783	cardiovascular toxicity
cid000002786	gastrointestinal toxicity
cid000002786	gastrointestinal toxicity
cid000002786	gastrointestinal toxicity
cid000002800	carcinogenicity
cid000002800	cardiovascular toxicity
cid000002800	cardiovascular toxicity
cid000002800	carcinogenicity
cid000002801	cardiovascular toxicity
cid000002802	embryo/fetal toxicity
cid000002803	cardiovascular toxicity
cid000002803	cardiovascular toxicity
cid000002813	nephrotoxicity
cid000002818	cardiovascular toxicity
cid000002826	cardiovascular toxicity
cid000222786	cardiovascular toxicity
cid000003706	cardiovascular toxicity
cid000003706	cardiovascular toxicity
cid000002893	cardiovascular toxicity
cid000002895	cardiovascular toxicity
cid000002895	cardiovascular toxicity
cid000002913	cardiovascular toxicity
cid000002913	cardiovascular toxicity
cid005281007	embryo/fetal toxicity
cid005281007	hepatotoxicity
cid005281007	carcinogenicity
cid005281007	blood & bone marrow toxicity
cid000002949	carcinogenicity
cid000002949	reproductive system toxicity
cid000002949	cardiovascular toxicity
cid000002951	neurotoxicity
cid000002951	hepatotoxicity
cid000002951	cardiovascular toxicity
cid003033538	carcinogenicity
cid003033538	carcinogenicity
cid000002955	nephrotoxicity
cid000002973	cardiovascular toxicity
cid000002973	cardiovascular toxicity
cid000002973	cardiovascular toxicity
cid000002995	cardiovascular toxicity
cid000002995	cardiovascular toxicity
cid000006834	cardiovascular toxicity
cid000006834	cardiovascular toxicity
cid000003337	cardiovascular toxicity
cid000004678	cardiovascular toxicity
cid000003016	cardiovascular toxicity
cid000003016	embryo/fetal toxicity
cid000003019	cardiovascular toxicity
cid000003038	nephrotoxicity
cid000003032	cardiovascular toxicity
cid000003032	nephrotoxicity
cid000003032	nephrotoxicity
cid000003032	cardiovascular toxicity
cid000003032	nephrotoxicity
cid000003032	cardiovascular toxicity
cid025201794	embryo/fetal toxicity
cid025201794	blood & bone marrow toxicity
cid000003043	hepatotoxicity
cid000002370	cardiovascular toxicity
cid000002375	nephrotoxicity
cid000002375	cardiovascular toxicity
cid000002375	hepatotoxicity
cid000007628	cardiovascular toxicity
cid000007628	nephrotoxicity
cid000002431	cardiovascular toxicity
cid000002435	cardiovascular toxicity
cid000002435	cardiovascular toxicity
cid000002435	cardiovascular toxicity
cid000060726	hepatotoxicity
cid000060726	nephrotoxicity
cid000060726	hepatotoxicity
cid000060726	nephrotoxicity
cid000060726	nephrotoxicity
cid000060726	hepatotoxicity
cid000002443	cardiovascular toxicity
cid000002443	cardiovascular toxicity
cid000006834	cardiovascular toxicity
cid000006834	cardiovascular toxicity
cid000002462	carcinogenicity
cid000002462	embryo/fetal toxicity
cid000002474	cardiovascular toxicity
cid000002474	cardiovascular toxicity
cid000002474	cardiovascular toxicity
cid000000444	cardiovascular toxicity
cid000000444	cardiovascular toxicity
cid000002478	blood & bone marrow toxicity
cid000002478	cardiovascular toxicity
cid000002481	cardiovascular toxicity
cid000002487	cardiovascular toxicity
cid000002487	cardiovascular toxicity
cid000002487	cardiovascular toxicity
cid000002514	nephrotoxicity
cid000002514	carcinogenicity
cid000002514	hepatotoxicity
cid000002514	hepatotoxicity
cid000002514	carcinogenicity
cid000002514	nephrotoxicity
cid000002514	nephrotoxicity
cid000002514	hepatotoxicity
cid000002514	carcinogenicity
cid000002514	hepatotoxicity
cid000002514	carcinogenicity
cid000002514	nephrotoxicity
cid000002514	respiratory toxicity
cid000002514	hepatotoxicity
cid000002514	nephrotoxicity
cid000002514	carcinogenicity
cid000002514	nephrotoxicity
cid000002514	carcinogenicity
cid000002514	respiratory toxicity
cid000002514	hepatotoxicity
cid000002514	nephrotoxicity
cid000002514	carcinogenicity
cid000002514	respiratory toxicity
cid000002514	hepatotoxicity
cid000002514	respiratory toxicity
cid000002514	hepatotoxicity
cid000002514	nephrotoxicity
cid000002514	carcinogenicity
cid000002514	respiratory toxicity
cid000002514	hepatotoxicity
cid000002514	nephrotoxicity
cid000002514	carcinogenicity
cid000002519	cardiovascular toxicity
cid000001593	cardiovascular toxicity
cid000002537	nephrotoxicity
cid000002537	nephrotoxicity
cid000002537	nephrotoxicity
cid000002537	nephrotoxicity
cid000002540	cardiovascular toxicity
cid000002551	cardiovascular toxicity
cid000002564	cardiovascular toxicity
cid000002564	cardiovascular toxicity
cid000038904	blood & bone marrow toxicity
cid000038904	hepatotoxicity
cid000002578	cardiovascular toxicity
cid000002610	nephrotoxicity
cid000002631	immune system toxicity
cid000002631	nephrotoxicity
cid000002631	cardiovascular toxicity
cid000002631	nephrotoxicity
cid000002631	cardiovascular toxicity
cid000002631	immune system toxicity
cid000002662	cardiovascular toxicity
cid000002666	nephrotoxicity
cid000002676	hepatotoxicity
cid000002676	hepatotoxicity
cid000002708	embryo/fetal toxicity
cid000002708	blood & bone marrow toxicity
cid000002708	mutagenicity
cid000002708	carcinogenicity
cid000002708	hepatotoxicity
cid000000298	nephrotoxicity
cid000002712	cardiovascular toxicity
cid000001978	cardiovascular toxicity
cid000001978	cardiovascular toxicity
cid000001986	nephrotoxicity
cid000001986	hepatotoxicity
cid000001986	nephrotoxicity
cid000001986	hepatotoxicity
cid000001990	cardiovascular toxicity
cid000000187	cardiovascular toxicity
cid000002012	cardiovascular toxicity
cid000002022	nephrotoxicity
cid000002022	cardiovascular toxicity
cid000000191	cardiovascular toxicity
cid000002073	cardiovascular toxicity
cid000002073	nephrotoxicity
cid000002073	cardiovascular toxicity
cid000002073	nephrotoxicity
cid000002082	nephrotoxicity
cid000002088	embryo/fetal toxicity
cid000002088	embryo/fetal toxicity
cid000014403	mutagenicity
cid000014403	embryo/fetal toxicity
cid000014403	carcinogenicity
cid000014403	mutagenicity
cid000014403	embryo/fetal toxicity
cid000014403	carcinogenicity
cid000051263	cardiovascular toxicity
cid000051263	cardiovascular toxicity
cid000051263	cardiovascular toxicity
cid000002094	nephrotoxicity
cid000002094	hepatotoxicity
cid000002118	cardiovascular toxicity
cid000002118	embryo/fetal toxicity
cid000002119	cardiovascular toxicity
cid000002123	hepatotoxicity
cid000002123	hepatotoxicity
cid000002130	cardiovascular toxicity
cid000002130	cardiovascular toxicity
cid000002130	cardiovascular toxicity
cid000002141	cardiovascular toxicity
cid000002141	cardiovascular toxicity
cid000016230	cardiovascular toxicity
cid000016230	cardiovascular toxicity
cid000000564	cardiovascular toxicity
cid000000564	nephrotoxicity
cid000002145	cardiovascular toxicity
cid000002145	cardiovascular toxicity
cid000004649	cardiovascular toxicity
cid000002160	cardiovascular toxicity
cid000002160	cardiovascular toxicity
cid000002162	cardiovascular toxicity
cid000002163	hepatotoxicity
cid000002163	cardiovascular toxicity
cid000002163	cardiovascular toxicity
cid000002163	hepatotoxicity
cid000002170	cardiovascular toxicity
cid000002171	nephrotoxicity
cid000003007	cardiovascular toxicity
cid000003698	embryo/fetal toxicity
cid000003698	cardiovascular toxicity
cid000003698	hepatotoxicity
cid000003698	embryo/fetal toxicity
cid000003698	cardiovascular toxicity
cid000003698	hepatotoxicity
cid000002187	cardiovascular toxicity
cid000012550	respiratory toxicity
cid000012550	respiratory toxicity
cid011020241	nephrotoxicity
cid011020241	nephrotoxicity
cid000002244	gastrointestinal toxicity
cid000002244	gastrointestinal toxicity
cid000002247	cardiovascular toxicity
cid000002250	carcinogenicity
cid000002250	carcinogenicity
cid000002250	carcinogenicity
cid000002250	carcinogenicity
cid000002254	nephrotoxicity
cid000002254	neurotoxicity
cid000002254	hepatotoxicity
cid000003661	cardiovascular toxicity
cid000000830	carcinogenicity
cid000002274	cardiovascular toxicity
cid000002274	cardiovascular toxicity
cid000002282	nephrotoxicity
cid000002282	nephrotoxicity
cid000065281	nephrotoxicity
cid000065281	nephrotoxicity
cid000065281	nephrotoxicity
cid005362070	nephrotoxicity
cid005362070	hepatotoxicity
cid000002311	hepatotoxicity
cid000002311	cardiovascular toxicity
cid000002311	embryo/fetal toxicity
cid000002311	cardiovascular toxicity
cid000002311	embryo/fetal toxicity
cid000002311	hepatotoxicity
cid000002315	cardiovascular toxicity
cid000002333	carcinogenicity
cid000002333	embryo/fetal toxicity
cid000002333	hepatotoxicity
cid000002335	cardiovascular toxicity
cid000002337	cardiovascular toxicity
cid000002341	cardiovascular toxicity
cid000007991	carcinogenicity
cid000007285	mutagenicity
cid000007285	hepatotoxicity
cid000007285	carcinogenicity
cid000007285	cardiovascular toxicity
cid000005558	carcinogenicity
cid000005558	cardiovascular toxicity
cid000005558	mutagenicity
cid000005558	hepatotoxicity
cid000005558	nephrotoxicity
cid000007611	cardiovascular toxicity
cid000007611	hepatotoxicity
cid000007611	carcinogenicity
cid000000180	cardiovascular toxicity
